team,team_country,players_used,avg_age,possession,games,games_starts,minutes,minutes_90s,goals,assists,goals_assists,goals_pens,pens_made,pens_att,cards_yellow,cards_red,goals_per90,assists_per90,goals_assists_per90,goals_pens_per90,goals_assists_pens_per90,players_used_against,avg_age_against,possession_against,games_against,games_starts_against,minutes_against,minutes_90s_against,goals_against,assists_against,goals_assists_against,goals_pens_against,pens_made_against,pens_att_against,cards_yellow_against,cards_red_against,goals_per90_against,assists_per90_against,goals_assists_per90_against,goals_pens_per90_against,goals_assists_pens_per90_against,shots,shots_on_target,shots_on_target_pct,shots_per90,shots_on_target_per90,goals_per_shot,goals_per_shot_on_target,shots_against,shots_on_target_against,shots_on_target_pct_against,shots_per90_against,shots_on_target_per90_against,goals_per_shot_against,goals_per_shot_on_target_against,minutes_per_game,minutes_pct,minutes_per_start,games_complete,games_subs,minutes_per_sub,unused_subs,points_per_game,on_goals_for,on_goals_against,plus_minus,plus_minus_per90,minutes_per_game_against,minutes_pct_against,minutes_per_start_against,games_complete_against,games_subs_against,minutes_per_sub_against,unused_subs_against,points_per_game_against,on_goals_for_against,on_goals_against_against,plus_minus_against,plus_minus_per90_against,cards_yellow_red,fouls,fouled,offsides,crosses,interceptions,tackles_won,pens_won,pens_conceded,own_goals,cards_yellow_red_against,fouls_against,fouled_against,offsides_against,crosses_against,interceptions_against,tackles_won_against,pens_won_against,pens_conceded_against,own_goals_against,gk_games,gk_games_starts,gk_minutes,gk_goals_against,gk_goals_against_per90,gk_shots_on_target_against,gk_saves,gk_save_pct,gk_wins,gk_ties,gk_losses,gk_clean_sheets,gk_clean_sheets_pct,gk_pens_att,gk_pens_allowed,gk_pens_saved,gk_pens_missed,gk_pens_save_pct,gk_games_against,gk_games_starts_against,gk_minutes_against,gk_goals_against_against,gk_goals_against_per90_against,gk_shots_on_target_against_against,gk_saves_against,gk_save_pct_against,gk_wins_against,gk_ties_against,gk_losses_against,gk_clean_sheets_against,gk_clean_sheets_pct_against,gk_pens_att_against,gk_pens_allowed_against,gk_pens_saved_against,gk_pens_missed_against,gk_pens_save_pct_against
Algeria,Algeria,22,27.3,61.0,4,44,360,4.0,5,3,8,5,0,0,3,0,1.25,0.75,2.0,1.25,2.0,22,29.1,39.0,4,44,360,4.0,9,7,16,9,0,0,2,0,2.25,1.75,4.0,2.25,4.0,44,15,34.1,11.0,3.75,0.11,0.33,39,18,46.2,9.75,4.5,0.23,0.5,90,100,81,25,19,21,37,1.0,5,9,-4,-1.0,90,100,81,24,20,20,39,1.75,9,5,4,1.0,0,29,40,4,40,30,44,,,0,0,41,27,7,37,41,50,,,0,4,4,360,9,2.25,17,8,47.1,1,1,2,0,0.0,0,0,0,0,,4,4,360,5,1.25,15,10,66.7,2,1,1,2,50.0,0,0,0,0,
Argentina,Argentina,24,29.6,57.6,8,88,810,9.0,18,12,30,17,1,3,15,1,2.0,1.33,3.33,1.89,3.22,24,28.3,42.4,8,88,810,9.0,8,8,16,8,0,0,14,1,0.89,0.89,1.78,0.89,1.78,114,44,38.6,12.67,4.89,0.15,0.39,75,28,37.3,8.33,3.11,0.11,0.29,101,100,87,45,42,30,78,2.63,19,8,11,1.22,101,100,87,45,42,25,74,0.38,8,19,-11,-1.22,1,113,100,22,104,82,93,,,0,1,107,109,12,121,82,67,,,1,8,8,810,8,0.89,28,20,71.4,7,0,1,2,25.0,0,0,0,0,,8,8,810,19,2.11,43,24,55.8,1,0,7,1,12.5,3,1,1,1,50.0
Australia,Australia,23,25.3,41.0,4,44,390,4.3,2,1,3,2,0,0,5,0,0.46,0.23,0.69,0.46,0.69,23,27.8,59.0,4,44,390,4.3,2,1,3,2,0,0,7,0,0.46,0.23,0.69,0.46,0.69,42,12,28.6,9.69,2.77,0.05,0.17,61,15,24.6,14.08,3.46,0.03,0.13,98,100,85,25,19,28,37,1.25,3,3,0,0.0,98,100,85,24,20,19,35,1.25,3,3,0,0.0,0,46,38,1,70,29,34,,,1,0,39,45,7,71,41,38,,,1,4,4,390,3,0.69,17,14,82.4,1,1,2,2,50.0,0,0,0,0,,4,4,390,3,0.69,13,10,76.9,2,1,1,2,50.0,0,0,0,0,
Austria,Austria,20,28.8,45.0,4,44,360,4.0,5,4,9,4,1,1,5,0,1.25,1.0,2.25,1.0,2.0,20,27.8,55.0,4,44,360,4.0,9,7,16,9,0,1,2,0,2.25,1.75,4.0,2.25,4.0,32,8,25.0,8.0,2.0,0.13,0.5,58,24,41.4,14.5,6.0,0.16,0.38,90,100,77,24,20,28,40,1.0,6,9,-3,-0.75,90,100,77,25,19,14,40,1.75,9,6,3,0.75,0,47,28,11,59,41,29,,,0,0,31,42,6,46,29,37,,,1,4,4,360,9,2.25,22,13,59.1,1,1,2,0,0.0,1,0,0,1,,4,4,360,6,1.5,8,2,25.0,2,1,1,2,50.0,1,1,0,0,0.0
Belgium,Belgium,23,29.2,51.2,6,66,570,6.3,13,10,23,12,1,1,6,1,2.05,1.58,3.63,1.89,3.47,23,28.3,48.8,6,66,570,6.3,7,2,9,7,0,0,10,0,1.11,0.32,1.42,1.11,1.42,112,34,30.4,17.68,5.37,0.11,0.35,70,23,32.9,11.05,3.63,0.1,0.3,95,100,81,34,31,28,50,1.83,14,7,7,1.11,95,100,81,36,30,25,58,0.83,7,14,-7,-1.11,0,78,68,8,114,50,47,,,0,0,70,71,11,90,55,52,,,1,6,6,570,7,1.11,23,16,69.6,3,2,1,1,16.7,0,0,0,0,,6,6,570,14,2.21,36,22,61.1,1,2,3,1,16.7,1,1,0,0,0.0
Bosnia–Herz,Bosnia and Herzegovina,23,26.6,46.0,4,44,360,4.0,4,3,7,4,0,0,7,1,1.0,0.75,1.75,1.0,1.75,23,28.7,54.0,4,44,360,4.0,8,4,12,7,1,1,4,1,2.0,1.0,3.0,1.75,2.75,37,14,37.8,9.25,3.5,0.11,0.29,43,16,37.2,10.75,4.0,0.16,0.44,90,100,79,23,20,24,39,1.0,5,8,-3,-0.75,90,100,79,25,18,17,37,1.75,8,5,3,0.75,0,60,38,2,57,34,37,,,0,0,38,58,10,77,20,42,,,1,4,4,360,8,2.0,14,6,42.9,1,1,2,0,0.0,1,1,0,0,0.0,4,4,360,5,1.25,15,10,66.7,2,1,1,1,25.0,0,0,0,0,
Brazil,Brazil,22,29.2,53.0,5,55,450,5.0,10,8,18,9,1,2,8,0,2.0,1.6,3.6,1.8,3.4,22,27.6,47.0,5,55,450,5.0,4,3,7,4,0,0,7,0,0.8,0.6,1.4,0.8,1.4,74,30,40.5,14.8,6.0,0.12,0.3,49,18,36.7,9.8,3.6,0.08,0.22,90,100,80,32,23,23,47,2.0,10,4,6,1.2,90,100,80,31,24,20,50,0.8,4,10,-6,-1.2,0,51,53,11,93,48,46,,,0,0,57,49,6,72,26,50,,,0,5,5,450,4,0.8,18,14,77.8,3,1,1,2,40.0,0,0,0,0,,5,5,450,10,2.0,28,18,64.3,1,1,3,0,0.0,2,1,1,0,50.0
Cabo Verde,Cape Verde,21,30.8,37.3,4,44,390,4.3,4,2,6,4,0,0,5,0,0.92,0.46,1.38,0.92,1.38,21,28.5,62.8,4,44,390,4.3,4,3,7,4,0,0,7,0,0.92,0.69,1.62,0.92,1.62,49,12,24.5,11.31,2.77,0.08,0.33,73,22,30.1,16.85,5.08,0.05,0.18,98,100,84,23,21,28,37,0.75,4,5,-1,-0.23,98,100,84,27,17,28,41,1.5,5,4,1,0.23,0,27,47,7,50,52,45,,,1,0,50,27,8,90,33,48,,,0,4,4,390,5,1.15,23,18,78.3,0,3,1,2,50.0,0,0,0,0,,4,4,390,4,0.92,12,8,66.7,1,3,0,2,50.0,0,0,0,0,
Canada,Canada,22,26.9,54.4,5,55,450,5.0,8,3,11,8,0,0,11,0,1.6,0.6,2.2,1.6,2.2,22,27.2,45.6,5,55,450,5.0,6,6,12,6,0,0,9,2,1.2,1.2,2.4,1.2,2.4,80,31,38.8,16.0,6.2,0.1,0.26,27,12,44.4,5.4,2.4,0.22,0.5,90,100,80,30,25,22,45,1.4,9,6,3,0.6,90,100,80,31,23,22,50,1.4,6,9,-3,-0.6,0,72,73,7,146,36,51,,,0,0,73,71,6,32,50,53,,,1,5,5,450,6,1.2,12,6,50.0,2,1,2,2,40.0,0,0,0,0,,5,5,450,9,1.8,28,19,67.9,2,1,2,1,20.0,0,0,0,0,
Colombia,Colombia,21,30.0,57.8,5,55,480,5.3,5,5,10,5,0,0,8,0,0.94,0.94,1.87,0.94,1.87,21,28.4,42.2,5,55,480,5.3,1,0,1,1,0,0,8,0,0.19,0.0,0.19,0.19,0.19,94,30,31.9,17.62,5.63,0.05,0.17,43,7,16.3,8.06,1.31,0.02,0.14,96,100,86,33,22,25,53,2.2,5,1,4,0.75,96,100,86,29,26,30,46,0.4,1,5,-4,-0.75,0,70,64,19,70,38,33,,,0,0,68,68,7,71,43,35,,,0,5,5,480,1,0.19,7,6,85.7,3,1,1,4,80.0,0,0,0,0,,5,5,480,5,0.94,30,25,83.3,1,1,3,2,40.0,0,0,0,0,
Congo DR,Congo DR,21,28.8,40.0,4,44,360,4.0,5,3,8,4,1,1,6,0,1.25,0.75,2.0,1.0,1.75,21,27.7,60.0,4,44,360,4.0,5,5,10,5,0,0,8,0,1.25,1.25,2.5,1.25,2.5,41,9,22.0,10.25,2.25,0.1,0.44,46,18,39.1,11.5,4.5,0.11,0.28,90,100,82,24,20,19,40,1.0,5,5,0,0.0,90,100,82,28,16,22,44,1.75,5,5,0,0.0,0,44,45,9,57,22,41,,,0,0,47,42,11,94,31,37,,,0,4,4,360,5,1.25,19,14,73.7,1,1,2,0,0.0,0,0,0,0,,4,4,360,5,1.25,9,4,44.4,2,1,1,1,25.0,1,1,0,0,0.0
Croatia,Croatia,19,29.1,49.8,4,44,360,4.0,6,5,11,6,0,0,4,0,1.5,1.25,2.75,1.5,2.75,19,27.7,50.3,4,44,360,4.0,7,5,12,5,2,2,3,0,1.75,1.25,3.0,1.25,2.5,37,17,45.9,9.25,4.25,0.16,0.35,51,16,31.4,12.75,4.0,0.1,0.31,90,100,82,26,18,20,42,1.5,6,7,-1,-0.25,90,100,82,25,19,19,40,1.5,7,6,1,0.25,0,45,47,8,67,25,32,,,0,0,48,45,4,74,26,28,,,0,4,4,360,7,1.75,17,10,58.8,2,0,2,1,25.0,2,2,0,0,0.0,4,4,360,6,1.5,17,11,64.7,2,0,2,0,0.0,0,0,0,0,
Curaçao,Curaçao,22,28.9,32.3,3,33,270,3.0,1,0,1,1,0,0,7,0,0.33,0.0,0.33,0.33,0.33,22,26.7,67.7,3,33,270,3.0,9,8,17,8,1,1,2,0,3.0,2.67,5.67,2.67,5.33,29,7,24.1,9.67,2.33,0.03,0.14,60,30,50.0,20.0,10.0,0.13,0.27,90,100,84,20,13,15,32,0.33,1,9,-8,-2.67,90,100,84,19,14,21,31,2.33,9,1,8,2.67,0,32,31,5,23,39,26,,,0,0,31,30,2,60,29,34,,,0,3,3,270,9,3.0,29,20,69.0,0,1,2,1,33.3,1,1,0,0,0.0,3,3,270,1,0.33,7,6,85.7,2,1,0,2,66.7,0,0,0,0,
Czechia,Czech Republic,21,27.8,42.7,3,33,270,3.0,2,2,4,2,0,0,1,0,0.67,0.67,1.33,0.67,1.33,21,27.2,57.3,3,33,270,3.0,6,5,11,5,1,1,4,0,2.0,1.67,3.67,1.67,3.33,34,8,23.5,11.33,2.67,0.06,0.25,43,15,34.9,14.33,5.0,0.12,0.33,90,100,80,20,14,22,29,0.33,2,6,-4,-1.33,90,100,80,20,13,20,30,2.33,6,2,4,1.33,0,37,31,5,57,19,19,,,0,0,32,35,5,42,27,23,,,0,3,3,270,6,2.0,15,9,60.0,0,1,2,0,0.0,1,1,0,0,0.0,3,3,270,2,0.67,8,6,75.0,2,1,0,1,33.3,0,0,0,0,
Côte d'Ivoire,Côte d'Ivoire,22,25.5,49.8,4,44,360,4.0,5,4,9,5,0,0,4,0,1.25,1.0,2.25,1.25,2.25,22,27.7,50.3,4,44,360,4.0,4,4,8,4,0,0,4,0,1.0,1.0,2.0,1.0,2.0,45,14,31.1,11.25,3.5,0.11,0.36,48,14,29.2,12.0,3.5,0.08,0.29,90,100,82,24,20,18,40,1.5,5,4,1,0.25,90,100,82,27,17,21,43,1.5,4,5,-1,-0.25,0,29,36,4,61,40,48,,,0,0,36,25,4,60,41,54,,,0,4,4,360,4,1.0,13,9,69.2,2,0,2,2,50.0,0,0,0,0,,4,4,360,5,1.25,14,9,64.3,2,0,2,0,0.0,0,0,0,0,
Ecuador,Ecuador,21,26.8,55.8,4,44,360,4.0,2,2,4,2,0,0,8,1,0.5,0.5,1.0,0.5,1.0,21,27.8,44.3,4,44,360,4.0,4,4,8,4,0,0,9,0,1.0,1.0,2.0,1.0,2.0,53,20,37.7,13.25,5.0,0.04,0.1,51,13,25.5,12.75,3.25,0.08,0.31,90,100,81,25,18,23,42,1.0,2,4,-2,-0.5,90,100,81,24,20,20,38,1.75,4,2,2,0.5,0,49,38,2,83,38,49,,,0,0,40,48,2,31,30,34,,,0,4,4,360,4,1.0,13,9,69.2,1,1,2,1,25.0,0,0,0,0,,4,4,360,2,0.5,20,18,90.0,2,1,1,3,75.0,0,0,0,0,
Egypt,Egypt,21,29.3,51.4,5,55,480,5.3,8,8,16,8,0,0,12,0,1.5,1.5,3.0,1.5,3.0,21,28.7,48.6,5,55,480,5.3,5,4,9,5,0,2,8,0,0.94,0.75,1.69,0.94,1.69,67,18,26.9,12.56,3.38,0.12,0.44,74,20,27.0,13.87,3.75,0.07,0.25,96,100,85,31,25,24,43,1.2,8,7,1,0.19,96,100,85,31,24,23,48,1.2,7,8,-1,-0.19,0,59,67,4,82,44,54,,,2,0,70,58,9,91,39,54,,,0,5,5,480,7,1.31,19,12,63.2,2,2,1,0,0.0,2,0,2,0,100.0,5,5,480,8,1.5,19,11,57.9,1,2,2,0,0.0,0,0,0,0,
England,England,24,26.5,54.1,8,88,750,8.3,20,14,34,17,3,3,8,1,2.4,1.68,4.08,2.04,3.72,24,27.8,45.9,8,88,750,8.3,12,10,22,11,1,1,10,0,1.44,1.2,2.64,1.32,2.52,118,53,44.9,14.16,6.36,0.14,0.32,99,33,33.3,11.88,3.96,0.11,0.33,94,100,84,48,39,20,75,2.38,20,12,8,0.96,94,100,84,49,40,24,80,0.5,12,20,-8,-0.96,0,81,116,15,163,51,77,,,0,0,117,76,19,133,53,80,,,0,8,8,750,12,1.44,32,20,62.5,6,1,1,2,25.0,1,1,0,0,0.0,8,8,750,20,2.4,52,32,61.5,1,1,6,1,12.5,3,3,0,0,0.0
France,France,22,26.9,55.9,8,88,720,8.0,20,18,38,19,1,2,6,0,2.5,2.25,4.75,2.37,4.62,22,26.7,44.1,8,88,720,8.0,10,6,16,8,2,3,4,0,1.25,0.75,2.0,1.0,1.75,139,59,42.4,17.37,7.37,0.14,0.32,67,23,34.3,8.37,2.87,0.12,0.35,90,100,83,55,33,20,87,2.25,20,10,10,1.25,90,100,83,49,39,19,79,0.75,10,20,-10,-1.25,0,84,73,14,109,65,77,,,0,0,78,80,13,74,82,89,,,0,8,8,720,10,1.25,22,12,54.5,6,0,2,4,50.0,3,2,1,0,33.3,8,8,720,20,2.5,58,38,65.5,2,0,6,1,12.5,2,1,1,0,50.0
Germany,Germany,23,28.1,65.0,4,44,390,4.3,11,10,21,10,1,1,3,0,2.54,2.31,4.85,2.31,4.62,23,27.2,35.0,4,44,390,4.3,5,3,8,5,0,0,6,0,1.15,0.69,1.85,1.15,1.85,74,28,37.8,17.08,6.46,0.14,0.36,31,10,32.3,7.15,2.31,0.16,0.5,98,100,84,23,21,29,36,1.75,11,5,6,1.38,98,100,84,25,19,23,40,1.0,5,11,-6,-1.38,0,51,42,4,105,25,53,,,0,0,45,50,3,49,54,55,,,0,4,4,390,5,1.15,10,5,50.0,2,0,2,0,0.0,0,0,0,0,,4,4,390,11,2.54,28,17,60.7,2,0,2,0,0.0,1,1,0,0,0.0
Ghana,Ghana,22,27.4,36.3,4,44,360,4.0,2,1,3,2,0,0,6,0,0.5,0.25,0.75,0.5,0.75,22,28.7,63.8,4,44,360,4.0,3,3,6,3,0,0,6,0,0.75,0.75,1.5,0.75,1.5,24,4,16.7,6.0,1.0,0.08,0.5,58,19,32.8,14.5,4.75,0.05,0.16,90,100,79,26,19,25,40,1.0,2,3,-1,-0.25,90,100,79,27,17,21,43,1.75,3,2,1,0.25,0,56,47,8,48,31,40,,,0,0,48,56,6,81,15,34,,,0,4,4,360,3,0.75,19,16,84.2,1,1,2,2,50.0,0,0,0,0,,4,4,360,2,0.5,4,2,50.0,2,1,1,2,50.0,0,0,0,0,
Haiti,Haiti,18,28.6,42.7,3,33,270,3.0,1,1,2,1,0,0,7,0,0.33,0.33,0.67,0.33,0.67,18,28.2,57.3,3,33,270,3.0,8,5,13,8,0,0,4,0,2.67,1.67,4.33,2.67,4.33,31,7,22.6,10.33,2.33,0.03,0.14,39,18,46.2,13.0,6.0,0.21,0.44,90,100,82,20,13,21,32,0.0,2,8,-6,-2.0,90,100,82,18,15,18,29,3.0,8,2,6,2.0,0,55,44,7,37,29,28,,,0,0,44,53,14,45,23,26,,,1,3,3,270,8,2.67,19,11,57.9,0,0,3,0,0.0,0,0,0,0,,3,3,270,2,0.67,8,6,75.0,3,0,0,2,66.7,0,0,0,0,
IR Iran,Iran,20,31.7,39.0,3,33,270,3.0,3,1,4,3,0,1,6,0,1.0,0.33,1.33,1.0,1.33,20,29.3,61.0,3,33,270,3.0,3,3,6,3,0,0,4,1,1.0,1.0,2.0,1.0,2.0,37,11,29.7,12.33,3.67,0.08,0.27,52,18,34.6,17.33,6.0,0.06,0.17,90,100,81,21,12,25,33,1.0,3,3,0,0.0,90,100,81,17,15,27,25,1.0,3,3,0,0.0,0,35,23,9,37,32,36,,,0,0,26,33,3,59,23,27,,,0,3,3,270,3,1.0,18,15,83.3,0,3,0,1,33.3,0,0,0,0,,3,3,270,3,1.0,9,6,66.7,0,3,0,1,33.3,1,0,1,0,100.0
Iraq,Iraq,25,26.4,38.3,3,33,270,3.0,1,1,2,1,0,0,4,1,0.33,0.33,0.67,0.33,0.67,25,27.7,61.7,3,33,270,3.0,11,10,21,11,0,0,2,0,3.67,3.33,7.0,3.67,7.0,21,2,9.5,7.0,0.67,0.05,0.5,59,22,37.3,19.67,7.33,0.19,0.5,90,100,73,17,15,33,30,0.0,1,12,-11,-3.67,90,100,73,18,15,19,29,3.0,12,1,11,3.67,0,27,31,1,28,23,35,,,1,0,31,25,2,56,10,28,,,0,3,3,270,12,4.0,23,11,47.8,0,0,3,0,0.0,0,0,0,0,,3,3,270,1,0.33,2,1,50.0,3,0,0,2,66.7,0,0,0,0,
Japan,Japan,24,27.5,46.3,4,44,360,4.0,8,7,15,8,0,0,4,0,2.0,1.75,3.75,2.0,3.75,24,27.3,53.8,4,44,360,4.0,5,5,10,5,0,0,7,0,1.25,1.25,2.5,1.25,2.5,34,13,38.2,8.5,3.25,0.24,0.62,42,18,42.9,10.5,4.5,0.12,0.28,90,100,82,24,20,18,37,1.25,8,5,3,0.75,90,100,82,25,19,19,40,1.25,5,8,-3,-0.75,0,55,30,4,57,19,32,,,0,0,30,50,5,87,35,32,,,0,4,4,360,5,1.25,17,12,70.6,1,2,1,1,25.0,0,0,0,0,,4,4,360,8,2.0,13,5,38.5,1,2,1,0,0.0,0,0,0,0,
Jordan,Jordan,20,28.2,30.7,3,33,270,3.0,3,3,6,3,0,0,4,0,1.0,1.0,2.0,1.0,2.0,20,28.5,69.3,3,33,270,3.0,7,2,9,5,2,2,2,0,2.33,0.67,3.0,1.67,2.33,24,9,37.5,8.0,3.0,0.13,0.33,40,16,40.0,13.33,5.33,0.13,0.31,90,100,85,18,15,12,30,0.0,3,8,-5,-1.67,90,100,85,18,15,26,29,3.0,8,3,5,1.67,0,31,21,3,27,33,31,,,1,0,25,29,6,43,37,31,,,0,3,3,270,8,2.67,16,8,50.0,0,0,3,0,0.0,2,2,0,0,0.0,3,3,270,3,1.0,9,6,66.7,3,0,0,0,0.0,0,0,0,0,
Korea Republic,Korea Republic,20,28.2,63.0,3,33,270,3.0,2,2,4,2,0,0,4,0,0.67,0.67,1.33,0.67,1.33,20,27.3,37.0,3,33,270,3.0,3,2,5,3,0,0,1,0,1.0,0.67,1.67,1.0,1.67,32,11,34.4,10.67,3.67,0.06,0.18,28,12,42.9,9.33,4.0,0.11,0.25,90,100,78,18,15,26,30,1.0,2,3,-1,-0.33,90,100,78,21,12,18,30,2.0,3,2,1,0.33,0,25,31,8,54,20,23,,,0,0,32,25,8,28,29,20,,,0,3,3,270,3,1.0,12,9,75.0,1,0,2,0,0.0,0,0,0,0,,3,3,270,2,0.67,10,8,80.0,2,0,1,2,66.7,0,0,0,0,
Mexico,Mexico,25,27.6,52.2,5,55,450,5.0,10,7,17,9,1,1,4,1,2.0,1.4,3.4,1.8,3.2,25,27.3,47.8,5,55,450,5.0,3,2,5,2,1,1,11,4,0.6,0.4,1.0,0.4,0.8,70,21,30.0,14.0,4.2,0.13,0.43,38,11,28.9,7.6,2.2,0.05,0.18,90,100,81,29,25,19,49,2.4,10,3,7,1.4,90,100,81,30,23,22,50,0.6,3,10,-7,-1.4,0,58,47,5,86,36,32,,,0,0,48,54,9,72,25,42,,,0,5,5,450,3,0.6,11,8,72.7,4,0,1,4,80.0,1,1,0,0,0.0,5,5,450,10,2.0,21,11,52.4,1,0,4,0,0.0,1,1,0,0,0.0
Morocco,Morocco,23,26.0,59.0,6,66,570,6.3,10,9,19,10,0,0,7,0,1.58,1.42,3.0,1.58,3.0,23,28.0,41.0,6,66,570,6.3,5,5,10,5,0,1,10,0,0.79,0.79,1.58,0.79,1.58,69,26,37.7,10.89,4.11,0.14,0.38,65,20,30.8,10.26,3.16,0.08,0.25,95,100,86,37,29,21,61,1.83,10,6,4,0.63,95,100,86,36,30,21,58,0.83,6,10,-4,-0.63,0,74,90,9,83,40,61,,,1,0,97,71,6,83,55,62,,,0,6,6,570,6,0.95,20,14,70.0,4,1,1,2,33.3,1,0,1,0,100.0,6,6,570,10,1.58,28,18,64.3,1,1,4,1,16.7,0,0,0,0,
Netherlands,Netherlands,22,27.2,53.3,4,44,390,4.3,10,10,20,10,0,0,3,0,2.31,2.31,4.62,2.31,4.62,22,27.1,46.8,4,44,390,4.3,5,5,10,5,0,0,4,0,1.15,1.15,2.31,1.15,2.31,46,22,47.8,10.62,5.08,0.22,0.45,47,20,42.6,10.85,4.62,0.11,0.25,98,100,87,23,21,23,38,2.0,11,5,6,1.38,98,100,87,24,20,24,38,0.5,5,11,-6,-1.38,0,44,43,8,74,36,27,,,0,0,45,40,5,75,28,42,,,1,4,4,390,5,1.15,21,16,76.2,2,1,1,0,0.0,0,0,0,0,,4,4,390,11,2.54,22,11,50.0,1,1,2,0,0.0,0,0,0,0,
New Zealand,New Zealand,17,28.1,47.0,3,33,270,3.0,4,3,7,4,0,0,4,0,1.33,1.0,2.33,1.33,2.33,17,30.0,53.0,3,33,270,3.0,10,7,17,10,0,0,2,0,3.33,2.33,5.67,3.33,5.67,31,15,48.4,10.33,5.0,0.13,0.27,71,21,29.6,23.67,7.0,0.14,0.48,90,100,81,18,15,19,29,0.33,4,10,-6,-2.0,90,100,81,19,15,20,28,2.33,10,4,6,2.0,0,32,24,4,44,24,21,,,0,0,25,31,3,57,28,31,,,0,3,3,270,10,3.33,21,11,52.4,0,1,2,0,0.0,0,0,0,0,,3,3,270,4,1.33,15,11,73.3,2,1,0,0,0.0,0,0,0,0,
Norway,Norway,25,27.1,52.2,6,66,570,6.3,12,10,22,12,0,1,3,0,1.89,1.58,3.47,1.89,3.47,25,27.1,47.8,6,66,570,6.3,11,9,20,10,1,2,3,0,1.74,1.42,3.16,1.58,3.0,66,29,43.9,10.42,4.58,0.18,0.41,87,31,35.6,13.74,4.89,0.11,0.32,95,100,83,38,28,28,61,2.0,13,11,2,0.32,95,100,83,36,30,26,58,1.0,11,13,-2,-0.32,0,58,41,5,78,44,67,,,0,0,49,57,15,111,48,71,,,1,6,6,570,11,1.74,31,20,64.5,4,0,2,0,0.0,2,1,1,0,50.0,6,6,570,13,2.05,27,14,51.9,2,0,4,0,0.0,1,0,1,0,100.0
Panama,Panama,20,28.8,45.7,3,33,270,3.0,0,0,0,0,0,0,5,0,0.0,0.0,0.0,0.0,0.0,20,27.3,54.3,3,33,270,3.0,4,3,7,4,0,0,3,0,1.33,1.0,2.33,1.33,2.33,32,7,21.9,10.67,2.33,0.0,0.0,31,10,32.3,10.33,3.33,0.13,0.4,90,100,84,20,13,15,32,0.0,0,4,-4,-1.33,90,100,84,18,15,24,28,3.0,4,0,4,1.33,0,46,33,6,59,15,27,,,0,0,34,45,10,58,18,32,,,0,3,3,270,4,1.33,11,7,63.6,0,0,3,0,0.0,0,0,0,0,,3,3,270,0,0.0,7,7,100.0,3,0,0,3,100.0,0,0,0,0,
Paraguay,Paraguay,24,28.0,30.0,5,55,480,5.3,3,3,6,3,0,0,9,1,0.56,0.56,1.13,0.56,1.13,24,27.0,70.0,5,55,480,5.3,5,4,9,4,1,1,10,0,0.94,0.75,1.69,0.75,1.5,35,8,22.9,6.56,1.5,0.09,0.38,96,27,28.1,18.0,5.06,0.04,0.15,96,100,85,29,25,23,48,1.0,3,6,-3,-0.56,96,100,85,35,20,27,52,1.6,6,3,3,0.56,0,66,60,5,43,53,88,,,1,0,62,65,8,151,38,48,,,0,5,5,480,6,1.13,29,23,79.3,2,1,2,2,40.0,1,1,0,0,0.0,5,5,480,3,0.56,8,5,62.5,2,1,2,2,40.0,0,0,0,0,
Portugal,Portugal,22,27.7,58.4,5,55,450,5.0,7,4,11,6,1,1,7,0,1.4,0.8,2.2,1.2,2.0,22,28.4,41.6,5,55,450,5.0,3,2,5,3,0,0,6,0,0.6,0.4,1.0,0.6,1.0,62,17,27.4,12.4,3.4,0.1,0.35,67,22,32.8,13.4,4.4,0.04,0.14,90,100,79,31,24,24,51,1.6,8,3,5,1.0,90,100,79,32,23,17,52,1.0,3,8,-5,-1.0,0,44,60,10,92,30,39,,,0,0,62,42,12,65,38,59,,,1,5,5,450,3,0.6,22,19,86.4,2,2,1,2,40.0,0,0,0,0,,5,5,450,8,1.6,18,10,55.6,1,2,2,2,40.0,1,1,0,0,0.0
Qatar,Qatar,22,29.7,33.0,3,33,270,3.0,2,2,4,2,0,0,4,2,0.67,0.67,1.33,0.67,1.33,22,27.9,67.0,3,33,270,3.0,8,3,11,7,1,1,3,0,2.67,1.0,3.67,2.33,3.33,18,7,38.9,6.0,2.33,0.11,0.29,72,22,30.6,24.0,7.33,0.1,0.32,90,100,75,17,15,27,28,0.33,2,10,-8,-2.67,90,100,75,18,15,23,28,2.33,10,2,8,2.67,0,36,28,4,28,25,24,,,2,0,29,36,3,112,17,20,,,0,3,3,270,10,3.33,22,12,54.5,0,1,2,0,0.0,1,1,0,0,0.0,3,3,270,2,0.67,7,5,71.4,2,1,0,1,33.3,0,0,0,0,
Saudi Arabia,Saudi Arabia,18,28.6,38.3,3,33,270,3.0,1,0,1,1,0,0,6,0,0.33,0.0,0.33,0.33,0.33,18,28.5,61.7,3,33,270,3.0,4,3,7,4,0,0,1,0,1.33,1.0,2.33,1.33,2.33,17,7,41.2,5.67,2.33,0.06,0.14,64,20,31.3,21.33,6.67,0.06,0.2,90,100,79,18,15,24,30,0.67,1,5,-4,-1.33,90,100,79,18,15,26,26,1.67,5,1,4,1.33,0,29,26,3,22,29,36,,,1,0,26,27,10,90,39,22,,,0,3,3,270,5,1.67,21,16,76.2,0,2,1,1,33.3,0,0,0,0,,3,3,270,1,0.33,7,6,85.7,1,2,0,2,66.7,0,0,0,0,
Scotland,Scotland,20,29.1,44.3,3,33,270,3.0,1,0,1,1,0,0,5,0,0.33,0.0,0.33,0.33,0.33,20,27.9,55.7,3,33,270,3.0,4,4,8,4,0,0,4,0,1.33,1.33,2.67,1.33,2.67,29,7,24.1,9.67,2.33,0.03,0.14,48,13,27.1,16.0,4.33,0.08,0.31,90,100,84,18,15,14,30,1.0,1,4,-3,-1.0,90,100,84,21,12,13,32,2.0,4,1,3,1.0,0,42,39,2,50,17,25,,,0,0,42,41,4,45,24,18,,,0,3,3,270,4,1.33,12,8,66.7,1,0,2,1,33.3,0,0,0,0,,3,3,270,1,0.33,7,6,85.7,2,0,1,2,66.7,0,0,0,0,
Senegal,Senegal,22,28.5,55.3,4,44,390,4.3,10,9,19,10,0,0,3,0,2.31,2.08,4.38,2.31,4.38,22,27.9,44.8,4,44,390,4.3,9,6,15,8,1,1,4,1,2.08,1.38,3.46,1.85,3.23,69,23,33.3,15.92,5.31,0.14,0.43,49,21,42.9,11.31,4.85,0.16,0.38,98,100,84,23,21,27,37,0.75,10,9,1,0.23,98,100,84,25,18,39,41,2.25,9,10,-1,-0.23,0,36,48,10,79,31,29,,,0,0,51,34,3,51,30,42,,,0,4,4,390,9,2.08,21,12,57.1,1,0,3,1,25.0,1,1,0,0,0.0,4,4,390,10,2.31,24,14,58.3,3,0,1,0,0.0,0,0,0,0,
South Africa,South Africa,19,26.7,48.0,4,44,360,4.0,2,1,3,1,1,1,5,2,0.5,0.25,0.75,0.25,0.5,19,27.7,52.0,4,44,360,4.0,4,3,7,4,0,0,5,1,1.0,0.75,1.75,1.0,1.75,39,11,28.2,9.75,2.75,0.03,0.09,50,17,34.0,12.5,4.25,0.08,0.24,90,100,83,30,13,21,42,1.0,2,4,-2,-0.5,90,100,83,23,20,26,38,1.75,4,2,2,0.5,0,38,46,8,41,47,38,,,0,0,49,38,3,73,29,34,,,0,4,4,360,4,1.0,15,11,73.3,1,1,2,1,25.0,0,0,0,0,,4,4,360,2,0.5,11,9,81.8,2,1,1,2,50.0,1,1,0,0,0.0
Spain,Spain,22,26.3,64.1,8,88,750,8.3,13,10,23,12,1,1,6,0,1.56,1.2,2.76,1.44,2.64,22,28.9,35.9,8,88,750,8.3,1,1,2,1,0,0,20,2,0.12,0.12,0.24,0.12,0.24,140,54,38.6,16.8,6.48,0.09,0.22,46,10,21.7,5.52,1.2,0.02,0.1,94,100,84,50,38,22,82,2.75,14,1,13,1.56,94,100,84,46,40,32,77,0.13,1,14,-13,-1.56,0,101,89,21,165,64,88,,,0,1,95,97,24,89,90,82,,,1,8,8,750,1,0.12,11,9,90.9,7,1,0,7,87.5,0,0,0,0,,8,8,750,14,1.68,54,40,74.1,0,1,7,1,12.5,1,1,0,0,0.0
Sweden,Sweden,22,26.7,46.3,4,44,360,4.0,7,6,13,7,0,0,5,0,1.75,1.5,3.25,1.75,3.25,22,27.3,53.8,4,44,360,4.0,10,10,20,10,0,0,2,0,2.5,2.5,5.0,2.5,5.0,48,23,47.9,12.0,5.75,0.15,0.3,49,24,49.0,12.25,6.0,0.2,0.42,90,100,82,24,20,17,39,1.0,7,10,-3,-0.75,90,100,82,24,20,20,38,1.75,10,7,3,0.75,0,43,49,9,59,31,30,,,0,0,51,39,15,57,22,34,,,0,4,4,360,10,2.5,24,14,58.3,1,1,2,0,0.0,0,0,0,0,,4,4,360,7,1.75,22,15,68.2,2,1,1,1,25.0,0,0,0,0,
Switzerland,Switzerland,23,29.4,54.0,6,66,600,6.7,10,6,16,8,2,2,8,1,1.5,0.9,2.4,1.2,2.1,23,28.5,46.0,6,66,600,6.7,6,4,10,6,0,0,13,1,0.9,0.6,1.5,0.9,1.5,74,30,40.5,11.1,4.5,0.11,0.27,70,26,37.1,10.5,3.9,0.09,0.23,100,100,89,33,32,20,51,1.83,10,6,4,0.6,100,100,89,34,31,25,55,0.83,6,10,-4,-0.6,1,87,89,13,111,52,52,,,0,0,90,81,14,92,68,43,,,0,6,6,600,6,0.9,26,20,76.9,4,1,1,2,33.3,0,0,0,0,,6,6,600,10,1.5,28,18,64.3,1,1,4,1,16.7,2,2,0,0,0.0
Tunisia,Tunisia,20,27.4,39.3,3,33,270,3.0,2,2,4,2,0,0,1,0,0.67,0.67,1.33,0.67,1.33,20,27.4,60.7,3,33,270,3.0,11,10,21,11,0,0,0,0,3.67,3.33,7.0,3.67,7.0,18,6,33.3,6.0,2.0,0.11,0.33,44,19,43.2,14.67,6.33,0.25,0.58,90,100,82,18,15,18,28,0.0,2,12,-10,-3.33,90,100,82,18,15,14,28,3.0,12,2,10,3.33,0,27,32,9,36,27,36,,,1,0,35,27,5,51,24,25,,,0,3,3,270,12,4.0,18,6,33.3,0,0,3,0,0.0,0,0,0,0,,3,3,270,2,0.67,6,4,66.7,3,0,0,1,33.3,0,0,0,0,
Türkiye,Turkey,23,26.6,66.3,3,33,270,3.0,3,3,6,3,0,0,2,0,1.0,1.0,2.0,1.0,2.0,23,26.1,33.7,3,33,270,3.0,5,3,8,5,0,0,2,1,1.67,1.0,2.67,1.67,2.67,71,16,22.5,23.67,5.33,0.04,0.19,34,13,38.2,11.33,4.33,0.15,0.38,90,100,82,18,15,17,30,1.0,3,5,-2,-0.67,90,100,82,17,15,16,29,2.0,5,3,2,0.67,0,31,38,7,79,18,39,,,0,0,40,30,9,38,26,29,,,0,3,3,270,5,1.67,13,8,61.5,1,0,2,0,0.0,0,0,0,0,,3,3,270,3,1.0,16,13,81.3,2,0,1,2,66.7,0,0,0,0,
United States,United States,24,26.7,56.8,5,55,450,5.0,9,4,13,9,0,0,7,1,1.8,0.8,2.6,1.8,2.6,24,27.0,43.2,5,55,450,5.0,8,8,16,8,0,0,11,0,1.6,1.6,3.2,1.6,3.2,59,19,32.2,11.8,3.8,0.15,0.47,48,16,33.3,9.6,3.2,0.17,0.5,90,100,84,32,22,15,48,1.8,11,8,3,0.6,90,100,84,30,25,23,50,1.2,8,11,-3,-0.6,0,56,66,11,74,60,42,,,0,0,68,53,4,62,41,69,,,2,5,5,450,8,1.6,16,8,50.0,3,0,2,2,40.0,0,0,0,0,,5,5,450,11,2.2,21,10,47.6,2,0,3,0,0.0,0,0,0,0,
Uruguay,Uruguay,17,28.6,55.0,3,33,270,3.0,3,1,4,3,0,0,5,1,1.0,0.33,1.33,1.0,1.33,17,28.7,45.0,3,33,270,3.0,4,1,5,4,0,0,4,0,1.33,0.33,1.67,1.33,1.67,49,13,26.5,16.33,4.33,0.06,0.23,25,8,32.0,8.33,2.67,0.16,0.5,90,100,80,20,12,27,29,0.67,3,4,-1,-0.33,90,100,80,18,15,20,30,1.67,4,3,1,0.33,0,31,29,14,92,32,25,,,0,0,29,30,2,26,29,34,,,0,3,3,270,4,1.33,8,4,50.0,0,2,1,0,0.0,0,0,0,0,,3,3,270,3,1.0,14,10,78.6,1,2,0,1,33.3,0,0,0,0,
Uzbekistan,Uzbekistan,23,26.9,38.3,3,33,270,3.0,2,1,3,2,0,0,4,0,0.67,0.33,1.0,0.67,1.0,23,28.8,61.7,3,33,270,3.0,10,6,16,9,1,1,5,0,3.33,2.0,5.33,3.0,5.0,18,5,27.8,6.0,1.67,0.11,0.4,51,17,33.3,17.0,5.67,0.18,0.53,90,100,80,18,15,22,30,0.0,2,11,-9,-3.0,90,100,80,18,15,19,30,3.0,11,2,9,3.0,0,45,29,3,37,33,39,,,1,0,31,43,8,58,18,28,,,0,3,3,270,11,3.67,17,6,35.3,0,0,3,0,0.0,1,1,0,0,0.0,3,3,270,2,0.67,6,4,66.7,3,0,0,1,33.3,0,0,0,0,
